K_mN0HzJovMl1YDJkfUNxoEs5rQWj0KpLXpxToUfvJU,1695206946,2
yJQBhXZjVWMNf7aafZl7Gf-2-g6dqkNzJnlZn88VdSU,1695206946,2
d1igjYUMoNCiNQFUlJyX5uX3lSE0b3JavZgxOwuAqxQ,1695206947,2
GyBRBYHjo-8UGo172pOHfzAXKd8HtCpec45Mhv79ES8,1695206948,2
ZzZFTc59_83xT5b90pbrsLgwIRgQuNBffElv8mYpaOo,1695206949,2
YKCmp6YBJOP-uV1TTXMpajKzeLnF6C62JWhx-4uY2fI,1695207606,2
llVq3CIK_sjR3A6VADxnk6GZIsgSsxSzdeGO_1ljUxY,1695207606,2
fv0qaavawX2y6lVzehUlHLBGINha_434UD7s8GK-D3s,1695207607,2
sQv2yu09Zyt2UKJdZi6ULs9PvjEOlWVdygf6T2ioo7g,1695207608,2
rhIQQQV6CcDARtvOcybTsa_5L5o1tbbhjARJI_mjmRE,1695207609,2
CspH8EVAKMbymOAJd-z7H_A1T1F-m2mLM_mq2MsgM-Y,1695208098,3
2ARI6BvPBX1kddUbkILUHpxYO3pOrWhVz9_7QIWXsWM,1695208099,2
L5A7iPS_05bbj9b_4EwzHfMMzmRjaPeW5JUQhgVLArc,1695208100,1
eW-qzFpW6mfOiSKRPfdDCmlEJddUCVbM7c678FEGzLk,1695208101,2
lYQYJoyEUU0j0bedJhk68fQYdeM7Z5cOr1cjdsz49Pw,1695208102,2
h_SiyqBCQCTfBKm8CUgFBm9ioxK7IUtH1ER4OgGq_eA,1695208739,3
bvn9MdcBEAWI-bOXQj7aaVRhwnuVPfMcoo3qPfJMzEI,1695208739,3
MfPPo-etXSTMOLslsz7W95HW_fz8iyEp1wARS3wSPmg,1695208740,3
THEEG6q3AsLXmguSmo4ovUFEfifP8IZpICRYXdOanQw,1695208741,3
IPffX1WwPQU9mE1c78nn92WFKRDDoOUAzHMY_qAON1s,1695208742,3
31OdWJzllC_bj9b8_szPasMt3Y-67P7nrP87GAKtPIo,1695274605,1
jS4ei_SsEJFLrxnIUPMYY5E_SbY-YZbCP16ZwHmS85w,1695274606,0
MnWqHfBH-EWNj5g5xh5mWQF1RPz9C-JSVHpbzTGt-js,1695274607,0
HOTFX1creVtmxCc4XGvm2WEyUV4JCoLkqbl2VhMot7Y,1695274608,0
zzLi8zACJkgWQDgm5XssbvZRa3EzeoJ6BMlMGhqI4X4,1695274609,0
IKcySNpFoM6B7_Vm3f0y2Uo_C7EIlT7jPsBoh-z3DV4,1695274610,1
gpBshUanz2uOrPeUlrz8DEZjn2a1lyWFJdS1MYM_JmQ,1695274611,0
Sjrbewz84uoa1jd7-mEFDRwe9TbG2bJPGEGTsDdPpo0,1695274612,0
fhBBIg6CWMUnR0n01vUl20RSXNhNg7fCJBo8wQxFowc,1695274613,0
gwlDAx00tTopvAMpKXhWXlCs4SbGFhPSOUPhf4EusMw,1695274614,0
kVU426XIrK8fBfOGm3PXKTLdSdvdP26NB9KqP4oDIQ8,1695274615,0
HvL0M923O--OzlLy-Z1b4MKaLj7fRFby7lvfmCPgjJ0,1695274616,0
3J19or2XmuncoVm_2MXOLXA6dBJ2bsnGNOTac9JvEUQ,1695274617,0
ol49pl-JLX8FUrnQynmWaQlcwPU2iOzx_2jeOZnA4yM,1695274618,1
TVMWHjIZklChGP4R8XXVDDw0QpXF6-ZD8Fn62SxZvWI,1695274619,0
d5Df4fAcg8sGTk4wKpkXNtLZP3mUGObKRCdgLWrmUaY,1695274620,0
q-pk4LoF3njfErVChdO1P0nfec-DGDeglA-qsclSfGE,1695274621,1
QTeYedmCYhUfFuxR4UDl-lJed_fihzvwrWzBbtiXEp8,1695274622,0
jFSGX6L5RAov3X7dAafgqtEg0TOGYRNRUj29lWC1yKw,1695274623,0
b9szM9jOn_j665yKtn_PnkomNHKQThHXDmij4-48HWg,1695274624,0
XKr5Y-9Obmfg1bfj-pGLCMCEJNttp8OWmWy6vf4QxUU,1695274625,0
avujbQyHI5KYz0_MiGzNnRkdTGKBAHW_Ycb_CH5DGFA,1695274626,0
h-PMKXFUWVA_yPGCAkS4_SAdFHGkHU7V48jSKxDqRb0,1695274627,0
oNVWjYF1OhJ0-kTs18_97iN8wqHCJvBnx9xmQUNwdnc,1695274628,1
PwChcIwg6-n4pUn-jX3fjmnpnZMm7au3GFzXV72IuPw,1695274629,0
PFByOK8eiK10Bw3hbnFCJ6aLOgWpgJ3tsKp-WKI4ED0,1695274630,0
yA-WQ7qrA5e2Rab88B_FHJ1sQmrdmbkbnwGkM3PTSak,1695274631,0
3Z5IiUEy1vf8YaOWR2YI1H3EaGvzOIkn16afy-HidYI,1695274632,0
mY0H-xrzHV7UynVp37c_obfcHXyvAFS8hDCBW0Wg3iM,1695274633,0
zNb0UWnRlMWneVwOdzn71ooUtZ2qH1qcKf1Td345HJU,1695274634,0
R0gF8L7pmHUM2VdU73ysvB-Ws5dw_xTM8YM8s6pQ2v4,1695274635,0
iFc0hl34nu80YqAB0_JCr2XVxNaf4gC-J8N_Ala6IfI,1695274636,0
WN2u6jzp9aneVcb044PBHNZ1razL7pyMikSWTykM3Yk,1695274637,0
Ztg_4451WTbKalYZ5Y7EwTqSRAy3pb0rGdrQ65AeCPE,1695274638,0
NUNrXa6oYCUDPfhz63KhoPRmRUz1GSy4IdetXQoEiTU,1695274639,0
pN1m8Ttxe1zknh4JXgSntly-wuqhP7Xd7dMEQhJEYhI,1695274640,0
VBrrLlg9LMf6IYppGTig0RuC1fW8r8WbsFkb4zvsq1c,1695274641,0
tcsWUAjI959uxkTEkap0bcIQq6xMFHbQHtKU4DIUdZk,1695274642,0
1_sDsrrRUY0UJYZ10litN8gEOkLU57SMOsupZuThmqg,1695274643,0
AYNSXqbOdj0pkHzAuZjWoKdTOo9EyqkRFIbVdZbt6f0,1695274644,0
0ZkhHIH7MSIqbk2koX-AUwmfS5gNLK7hkO9I4QM9i_I,1695274645,0
vtEOW9LkiBCKKQfAa4dUb8frgZBEWiwqwV4lp_iUa8w,1695274646,0
jabGZ1CgMbiurA4PnNnqqDPDSefViRBTl2diw6kbYxQ,1695274647,0
iWXwCfqShNlTtjCu30ueMZSoS85FODXH_L3Tq1vov4g,1695274648,1
FW_c-bjwo1v39Ij4vvFihJUgGLA4oN8j9YHeNR2ojKA,1695274649,0
6frbXdRsjoeKVSTG0Fyp_E34pLTO3bNmSl0FSj0pRLQ,1695274650,0
8cIYVPrVL7z07rwzaje2B2bjzSf9u9m97VP1I7i0yYk,1695274651,0
c0tAt8Q5gP4ifpVUHpmxbKNydy451FApDoEw86sbNMs,1695274652,1
6kqkgGMhvc3u4n2bNe2KiuY2090ttjShH0mplX2UZTU,1695274653,0
peHww4-0WhdHiEDkRVbQztYuXdmGtUKCFa-8TLHZORg,1695274654,0
SU1YdQiSIb-6Xlox6lS6CYJvRsSmj92H4hmsntygwVM,1695274655,0
PmL3HKlLM_eBiCLCKU4Imxlemv9gslxTHv06Av-HqKQ,1695274656,0
Z9LcUGfRJnD8eTG45ReQ-Sjw8laLhDG1dPv319x5JKs,1695274657,0
o_pdGYGA1a7jWi-Swf-MakPNFDIVRYDURRdO9QvvL24,1695274658,0
c9NFKUKrvdQyzgqJA8fn-Qp_FaUUBu5KiW-K4wdTmdI,1695274659,0
dQ3wM2rI91wC-vfFaongVjNPSWnfRP-bteDG_Wh7W1M,1695274660,1
teY6A3UlHyZOJ3vY9kwouGCdh58EU6k2nFFbbZyR0fA,1695274661,0
aa4L_en5-N91-iDCYqz0719L98odAHIRMqkAUbNmXxg,1695274662,0
ClMlmaEBzhETyMIMBHd709JPHhPS2yvnQBnM1mrdnCk,1695274663,0
UDAiBRRiz331igz2uN1331kJxiwZquBY2QEWQdNpahU,1695274664,0
4tukz_KwZaBYvHl90XTgfBlxmqOKBz9JfjBC3VBHyrE,1695274665,1
V0Quc6_-ydHYlqhivkHkG6vJWPfKY_9hSEwgrtYCbDE,1695274666,1
T_RMAUMgJ0SyRibTGZPNHuTmmlZt0ybLBCAEFFMqiAE,1695274667,0
7E3D2GjMr4oDswvXHGMV0ELbpPfELQ8htU1Wlc-sfoM,1695274668,0
iqNPo27vCJ0oRXZDPb8wCkATBiiq9hp7RyqKDiKUQCI,1695274669,0
cyult3JYrCtysBjYJTKJ93Bq5j80ZtKVDwnlRhukoyo,1695274670,0
9Xer-WOeLXnrIAWwIDP143MC668izVidOJy35ZU9I0w,1695274671,0
JotvDTtz5vip9M8kXH2UfJYAJcYm5zD2pTKNctDc0WQ,1695274672,0
yOL_wuc87NBZ6ZfD8fNpArC3dMpjAVVRH1Ime0MPWn8,1695274673,0
WlagHiXlf7phhSFFOAf8xz-LyjhK41LZJXdoUhAmqlM,1695274674,0
12SEnSSW1QBW12_KAyUjnN_Tq8aiw8ZfWzuBLjhuLOs,1695274675,0
M1RrYYU2UU3pwJCVi73d9d3fohh_j_sBsmMkS0AGezY,1695274676,0
5b_UMxJ0m5vUhhS2Mmw9VGARjuIhvPbmVqU7KTR9KdQ,1695274677,0
QpTx2JBwJopTPaWMSxb1uj27WkGSbg4zTbU6JpJE35Y,1695274678,0
Lh9zL0Lp6hdXqIvdXi7oSe04aL7unyVVPsUSFE18JPE,1695274679,0
vXHKXVUZD16mveoiM3BNdop6U6Jo_iuFEOfGWmoelB8,1695274680,0
5oL3zW1IcmTtR8zzZ86vtFcSaLJuXOwcK97H5EsCi-Q,1695274681,0
S6UG53qDl9Nv_RIpXMIuPC2y1ElHHAfRzmRs_PePs7U,1695274682,0
iskHgRfYyhrKj09i9f9oR9vdH7zNXxw6lxKgRWaRN3U,1695274683,0
r99WNE06fQnffOhXEQqLnAgILMR_s684YTZdLapWhtA,1695274684,1
wRBF8S4PWU93u3SBXZgwNyB4NRBRy75U0Vf7f3EW8Gg,1695274685,0
y_Tkdp1LgXr69kIXzZ1Q93uDoxHiRENRwZ9r01ZCxsY,1695274686,1
12NTEg6fk0rwTrx6nM_d0fONFTnR6BObPjiGslnsJdc,1695274687,0
OLXjlMqWezYg6zXIj5m-0SYKy1keAIQblPsAD9CUIHw,1695274688,1
xlAlpppIbvbTwryl1-jNLPyKgVE4-QLpg1O6X3B0cfQ,1695274689,0
Rh3HgxrjxxRybGjTnC1OCWBSz9wwhbruaB6b8AvM1m4,1695274690,0
woo_A1deFTYXD-B4_GHsjDBwdRXWTtyFWWy5yZQORyM,1695274691,1
Krh9L-XFxlmQYtthUqN1527iUYICDoHZtceSIHgCJ54,1695274692,0
RYljxfE66-zLoXdQQLwtbM9GcqVQH-okMgg2FyDIqUI,1695274693,0
goe7TmTsua_1A6crEEIowYJ2c1PBy0EisBKKbqAIquo,1695274694,0
XqRkQQ2VIpXMrxYpxVWsxEQRGhnz6Trp-drOciWaGvM,1695274695,0
ML8t3kDFHXinr-wNepsdbVD3qN8vS-tfVJ0i4APk09A,1695274696,0
oQQrLdMPq0gWjhC6UJbzRXuISzS9EUVSO3UXGXzTp4s,1695274697,0
lPhOkmDDqPGH9q6bRRtoNVNzGhOfxkE3WBcDSvU86sc,1695274698,0
TIxwH8h1BHropeP4d9hbcsYt5MIUU2qAiB9Nv9FqK2s,1695274699,0
1JQ-PuUp_gz-QUVOWLAAytFrCH78tN8vsx8xjXYN_p8,1695274700,0
y1d1oiaIMRpbP7LYFlIDxjcQ8CWSE0w-GsW6-5oAQ54,1695274701,0
cyU1iy3JqhxpEf87hfz7AwVRm05tFnhTmJF9YB7_0L8,1695274702,0
w8gq0074PNCnCAtiGuVz_Fl5NZXSA1ng1W-LWF8Mil0,1695274703,1
aLDrtoC-IYX8ZTuhoFsGi0MA2NhcLGmqe_1h5iLbVOc,1695274704,1