kcN0FtgqhMReSEaGjlM8bgnYX0iFKqz_NB75ebTmoKg,1695200542,11
eaDVnZgGirEAmwJHRU48CY4TZzu4JImFHnxkFrbG7Uw,1695200542,11
JDjcIi7J6tc5E5t1gdDXFyY7K9YvDl8ApEbxviyYeok,1695200543,11
dJWROG6UL2t2Sv09xnY-fEyLz5DHGrzveiv3cy7qyIg,1695200544,11
GiWsPtuwreKat7cod9Nky6QWRgRHO8m9bHGMv_LphFI,1695200545,10
GxR6aOxnZ00TRsLmGOcrm7y1tWMfI4dR4Fea5Vug-78,1695209751,12
ZPdgoU_SdZehVNwd28L6wvNas5JRdCERkjWAuwXGQoc,1695209752,11
iMwzYkGdpul9hvMfHYBGWra0MbZdYHwMFeKBXIbgUgQ,1695209753,11
0vMB8XViI19IGomBofxbiwaIYMkOUqOXMrpAudI_q2Q,1695209754,10
ijHdtMH1FEj0lSg5baPbVY1T1tz8ZvDhtfxQ7JSIALc,1695209755,11
igj3l2ap1D_6NpK3FccLl8knQaEu0ciblWVk0T2gV8s,1695210056,11
n7aX1IW6vv_FMxV6Lbw1iA-w6PPPCvrGXWIZNjHl-Rs,1695210055,12
rkJ_bG4suW54kBQOBgtiil0-sq9heOXRPpPHRKpb3WM,1695210057,11
gMXDAFZXo2er871jGWVfl9r8cFSRp9PU8oV16r0A7P0,1695210058,11
6qJAqR0U7WxXxU5_Yd35bGVsufz_Im3sB1ID3nG0LgM,1695210059,10
QI-08CFWN2vJM4z_D4tN8E6V-IqKSYBhytBzxKcdwp8,1695275628,1
xh514228dPBribOpfLdn4b2KUHjJ7XTMDn0FS_3TE9s,1695275629,1
sFK9lG_uM3qqHEKJSTDfMUXG1V8rdzwnd0oSNQgeb9U,1695275630,1
yspOYUa4HiVClVqi45C4Kl7DR-B7hbxeCjykzHwmspQ,1695275631,1
YZryftJ794FBcV5R2fwy_vTR_3qc_Bpr_ndyeNvjqKs,1695275632,1
t8mGCiKinYh1LmGfIknMPRgdihRCHuSLlsmh4Z4RYAc,1695275633,1
A4ik2g4gm3_fTRa9_SsZAHXJUcXfWAXKxq9MskL9BIE,1695275634,1
C-jkOSJeHE-KoPl4cS7_IVZcodOmZVQVkKLfo5pgCBQ,1695275635,1
2vkvb9TQvqPn0Xe8GqYqRUKLNEOVr4fIA2RQoq_TNdk,1695275636,1
fwd5nWD9RYwt9gZl4xdMCtFPjfeO2BBPpTcfj1AY0Sk,1695275637,1
tNsJvnto6BzTqjyQL3X0QxTf8cskwiaQgeuMSvyus7o,1695276623,1
rnfKZwqzPnP-eMsgnS8ktco5_pJjzDMIkUFQmzFiktw,1695276624,1
EVRHjOdpkIrc0NQ8Co1GvacaTZ6UqfYbcQyrxMyY-Tw,1695276625,1
jZK-9gGkpP0AtkCG3dY-Vco_Q5K6JS01whlprs8C9pk,1695276626,1
VHfgppC0_ckFbsEoipsto6Nd0IDspQbTI6SkWQXzCIY,1695276627,1
Aajf2KIbL_upcGVf5RnT4u4XKzM7N51qdDmOVi2Fc2E,1695276628,1
JAKWAXw25Ww54OLpkbHbXVHGveBEUHjlqKQoEfzRt5M,1695276629,1
lX7lkyw_A5VOPDk89cUIZfWj3DDJsaA4WMwkXiA976I,1695276630,1
Mcnvq0LGuBUhPg_W0U0fs5yuZZ1gqjC5jRMz_u_cQPs,1695276631,1
htlxNF-f1zHvSYWo6mIQWB0dRfCSUATzADalXz99kFI,1695276632,1